85|Lisa Fuentes|Architectural technologist|531.399.7267
70|Kathleen Frederick|Clinical cytogeneticist|(093)371-4033x05087
82|Jose Chambers|Pharmacist, hospital|619.234.8585
75|Ana Mack|Office manager|942-690-8052
91|Kristine Brown|Physiotherapist|+1-947-822-4623x1538
56|Darlene Avila|Fashion designer|(407)405-4234
39|Robert Chandler|Higher education careers adviser|(190)972-5931x8614
58|Beverly Freeman|Energy engineer|(332)708-1998
40|Katie Torres|Television camera operator|097-446-5011x826
59|Gregory Gallagher|Risk analyst|001-744-622-6758x850
92|Brandon Nunez|Police officer|+1-729-820-7143x9399
49|Tara Williams|Administrator, sports|093.816.4769
72|Rachael Munoz|Hospital doctor|095-754-7422x782
78|Dean Hickman|Microbiologist|277.032.7058
42|Jeffrey Harper|Information systems manager|+1-419-900-6717x263
93|Joseph Jones|Plant breeder/geneticist|490-096-7931
43|Kim Greene|Regulatory affairs officer|778-982-3028x0484
95|Dylan Oconnor|Engineer, technical sales|4465349574
55|Ann Gallagher|Leisure centre manager|851-987-5863x9586
71|Julie Ellis|Tour manager|(639)979-8776
18|Jason Carr|Intelligence analyst|351-167-0784
82|Mary Evans|Health physicist|(324)056-4543x8539
37|Ryan Logan|Broadcast journalist|088.597.4723
74|Margaret Garcia|Education administrator|506-879-8233
104|Rebecca Johnson|Engineer, structural|(793)579-7511x346
78|Clayton Smith|Educational psychologist|655.379.0059x4662
39|Barbara Humphrey|Lobbyist|544.291.2058x5981
29|John Coleman|Theme park manager|(084)464-2176x512
25|Andrew Whitehead|Operations geologist|001-366-302-2881x6828
36|Frederick Martinez|Animator|+1-129-768-7448x349
100|Kari Wallace|Banker|001-237-378-5590x3067
105|Jennifer Hines|Energy engineer|+1-470-513-1329
51|Megan Mendoza|Games developer|(395)870-1523
49|Jesse Wright|Sports development officer|740.657.1201
101|Daniel Carter|Tourism officer|+1-431-588-1965
83|Ashley Marshall|Radiation protection practitioner|169.346.6838x761
89|Kimberly Fuentes|Investment banker, corporate|(695)931-0258x447
96|Dana Moore|Therapist, drama|001-441-487-2405x113
39|Sherry Potter|Early years teacher|+1-790-830-9216
41|Bobby Martinez|Product manager|+1-222-643-8552x57307
91|Thomas Smith|Civil engineer, consulting|178.156.7931
61|Ralph Kim|Technical author|001-025-153-5985
102|Susan Hudson|Physiotherapist|744.116.0162x0542
38|Alexis Montgomery|Designer, fashion/clothing|342.504.0104
72|Erik Smith|Sports administrator|5809133683
51|Juan Wilkins|Quantity surveyor|9042175643
42|Michelle Perez|Manufacturing systems engineer|(520)116-8758x8407
22|Seth Fletcher|International aid/development worker|001-287-289-4723
88|Ricardo Lopez|Financial adviser|9384480244
66|Paul Jones|Recycling officer|(504)402-0098
54|Gary Anderson|Teacher, primary school|942.320.2812
99|Beverly Lester|Secondary school teacher|+1-313-850-4816x0358
47|Jeremy Stewart|Learning mentor|181.641.1982
19|Paul Turner|Diagnostic radiographer|434-881-7065
101|Stephanie Thompson|Drilling engineer|1816964157
61|Timothy Landry|Engineer, agricultural|119.891.9319
49|Julia Pennington|Sales professional, IT|001-891-529-4327x11734
29|Gina Webster|Barista|001-814-085-9360
76|Melvin Snyder|Hotel manager|001-578-973-6846x523
38|Arthur Blake|Cabin crew|(354)980-6147x39452
94|David Hayes|Clinical molecular geneticist|141-624-9376
54|Gabriella Holden|Conservator, museum/gallery|+1-958-365-3584
49|Katherine Callahan|Gaffer|(554)859-9744x449
47|Donna Chapman|Broadcast engineer|751.406.0917x9451
99|Mark Fisher DDS|Hydrologist|(182)759-2885
70|Randy Conner|Health promotion specialist|042.240.9138x177
63|Mr. John Howard|Building services engineer|256-118-0863x800
58|John Greene|Optometrist|418-461-0244x0937
72|Hannah Jackson|Engineer, energy|001-618-709-8034x5713
77|Jennifer Ramirez|Land|860-158-6306
72|Timothy Walker|Community education officer|+1-808-101-7717x2252
37|Debbie Young|Conservator, museum/gallery|(553)351-1737x21307
25|Shannon Johnson|Teacher, special educational needs|859-099-1492
55|Richard Ferguson|Fine artist|001-092-580-7974x77553
101|Robert Anderson|Legal executive|242-045-9774
25|Jason Dunn|Doctor, general practice|+1-354-790-1400
80|Daniel Harrell|Designer, multimedia|232-783-2972
53|Jeffrey Lynch|Chartered accountant|868-280-9346x374
103|Cassandra Jones|Market researcher|628-742-7095x906
94|Allison Foster|Television production assistant|236.961.4814x7063
28|Mario Armstrong|Training and development officer|(471)836-9159x0110
85|Roger Johnston|Clinical embryologist|317.626.4071
94|James Moore|Corporate treasurer|001-474-379-5623
78|Andrew Hale|Video editor|202.134.5388x2315
22|Alex Bryant|Engineer, materials|(724)738-7801
61|Brandon Moyer|Ceramics designer|001-431-231-2675x976
34|Cindy Ayala|Publishing copy|174-599-6832x1657
60|Taylor Hayes|Journalist, broadcasting|(313)802-1249x4675
43|Timothy Davis|Financial controller|066.779.8870x1669
62|Natasha Campbell|Jewellery designer|001-137-949-5762
104|Briana Baker|Child psychotherapist|+1-204-975-9508
93|Jonathan Fox|Dietitian|765.479.2235
59|Carla Schwartz|Location manager|968-228-8416
65|Adam Weber|Systems analyst|215-386-2070
37|Christina Henderson|Farm manager|346-442-4797x18703
41|George Wright|Adult guidance worker|402-295-2507
96|Carrie Washington|Fashion designer|001-320-400-4984
88|Wesley James|Hospital doctor|001-044-962-4926
103|Briana Thompson|Minerals surveyor|750.016.7562x5881
45|Paul Rodgers|Ecologist|3878063173
